{
    "episode_type": "training",
    "episode_num": 6,
    "instance_name": "E-n23-k3",
    "chosen_rho": 1000.0,
    "chosen_sigma": 0.10000000149011612,
    "alm_cost": 717.0,
    "alm_iterations": 7,
    "time_taken_alm_solve": 78.20294117927551,
    "solution_feasible": true,
    "reward_received": 0.06947001375248255,
    "routes": [
        [
            0,
            10,
            0
        ],
        [
            0,
            9,
            13,
            11,
            12,
            7,
            8,
            4,
            5,
            21,
            18,
            22,
            17,
            15,
            16,
            3,
            2,
            1,
            6,
            0
        ],
        [
            0,
            19,
            20,
            14,
            0
        ]
    ]
}