{
    "episode_type": "training",
    "episode_num": 4,
    "instance_name": "E-n30-k3",
    "chosen_rho": 1000.0,
    "chosen_sigma": 1000.0,
    "alm_cost": 675.0,
    "alm_iterations": 5,
    "time_taken_alm_solve": 231.88137412071228,
    "solution_feasible": true,
    "reward_received": 0.0981481479286694,
    "routes": [
        [
            0,
            18,
            23,
            21,
            14,
            8,
            9,
            17,
            12,
            11,
            10,
            0
        ],
        [
            0,
            19,
            20,
            22,
            3,
            4,
            5,
            1,
            6,
            24,
            25,
            27,
            28,
            26,
            16,
            13,
            15,
            0
        ],
        [
            0,
            2,
            29,
            7,
            0
        ]
    ]
}