{
    "episode_type": "training",
    "episode_num": 5,
    "instance_name": "E-n31-k7",
    "chosen_rho": 1000.0,
    "chosen_sigma": 1000.0,
    "alm_cost": 649.0,
    "alm_iterations": 15,
    "time_taken_alm_solve": 1495.0611636638641,
    "solution_feasible": true,
    "reward_received": 0.004083204693246217,
    "routes": [
        [
            0,
            30,
            0
        ],
        [
            0,
            29,
            8,
            0
        ],
        [
            0,
            26,
            4,
            18,
            0
        ],
        [
            0,
            1,
            28,
            15,
            0
        ],
        [
            0,
            20,
            6,
            22,
            9,
            13,
            16,
            11,
            12,
            7,
            17,
            5,
            21,
            3,
            24,
            0
        ],
        [
            0,
            23,
            10,
            19,
            27,
            0
        ],
        [
            0,
            25,
            14,
            2,
            0
        ]
    ]
}