{
    "episode_type": "evaluation",
    "training_episode_ref": 10,
    "eval_episode_num": 2,
    "instance_name": "E-n22-k4",
    "chosen_rho": 1000.0,
    "chosen_sigma": 0.10000000149011612,
    "alm_cost": 604.0,
    "alm_iterations": 6,
    "time_taken_alm_solve": 90.65919899940491,
    "solution_feasible": true,
    "routes": [
        [
            0,
            14,
            16,
            13,
            11,
            8,
            6,
            10,
            0
        ],
        [
            0,
            12,
            18,
            15,
            9,
            7,
            2,
            3,
            0
        ],
        [
            0,
            17,
            20,
            21,
            4,
            1,
            0
        ],
        [
            0,
            19,
            5,
            0
        ]
    ]
}