{
    "episode_type": "training",
    "episode_num": 1,
    "instance_name": "B-n34-k5",
    "chosen_rho": 1000.0,
    "chosen_sigma": 987.0426635742188,
    "alm_cost": 861.0,
    "alm_iterations": 7,
    "time_taken_alm_solve": 1197.9174659252167,
    "solution_feasible": true,
    "reward_received": 0.04614401844814864,
    "routes": [
        [
            0,
            5,
            6,
            25,
            17,
            31,
            15,
            28,
            13,
            19,
            0
        ],
        [
            0,
            11,
            30,
            2,
            7,
            21,
            4,
            20,
            0
        ],
        [
            0,
            1,
            16,
            14,
            24,
            29,
            27,
            3,
            26,
            10,
            23,
            32,
            22,
            12,
            0
        ],
        [
            0,
            18,
            8,
            33,
            0
        ],
        [
            0,
            9,
            0
        ]
    ]
}