{
    "episode_type": "training",
    "episode_num": 66,
    "instance_name": "E-n22-k4",
    "chosen_rho": 1000.0,
    "chosen_sigma": 0.10000000149011612,
    "alm_cost": 604.0,
    "alm_iterations": 6,
    "time_taken_alm_solve": 74.09690690040588,
    "solution_feasible": true,
    "reward_received": 0.105562913633174,
    "routes": [
        [
            0,
            14,
            16,
            13,
            11,
            8,
            6,
            10,
            0
        ],
        [
            0,
            12,
            18,
            15,
            9,
            7,
            2,
            3,
            0
        ],
        [
            0,
            17,
            20,
            21,
            4,
            1,
            0
        ],
        [
            0,
            19,
            5,
            0
        ]
    ]
}